{"cameraMode":{"drawMode":0,"name":"Shaded","section":"Shading Mode"},"sceneLighting":true,"audioPlay":false,"sceneViewState":{"m_AlwaysRefresh":false,"showFog":true,"showSkybox":true,"showFlares":true,"showImageEffects":true,"showParticleSystems":true,"showVisualEffectGraphs":true,"m_FxEnabled":true},"in2DMode":false,"pivot":{"x":-12.740187644958496,"y":6.779861927032471,"z":-6.115284442901611},"rotation":{"x":0.17372693121433259,"y":-0.44768717885017397,"z":0.08910292387008667,"w":0.8726615905761719},"size":30.103404998779298,"orthographic":true}