{"cameraMode":{"drawMode":0,"name":"Shaded","section":"Shading Mode"},"sceneLighting":true,"audioPlay":false,"sceneViewState":{"m_AlwaysRefresh":false,"showFog":true,"showSkybox":true,"showFlares":true,"showImageEffects":true,"showParticleSystems":true,"showVisualEffectGraphs":true,"m_FxEnabled":true},"in2DMode":false,"pivot":{"x":-11.100001335144043,"y":14.316608428955079,"z":-5.700000762939453},"rotation":{"x":0.4073697030544281,"y":0.0399770624935627,"z":-0.017852624878287317,"w":0.9122135043144226},"size":41.85075378417969,"orthographic":true}